Id,Sku,Product name,Manage stock,Stock status,Backorders,Stock,Type,Parent ID
8912,iP12P-EC,iPhone 12 Pro,,outofstock,no,,variable,
8961,iPXS-EC,iPhone XS,,instock,no,,variable,
8981,iPXS-GD-64-C -R,64 GB Gold Bueno ,true,outofstock,no,,product-variant,8961
8982,iPXS-GD-64-B -R,64 GB Gold Muy bueno ,true,outofstock,no,,product-variant,8961
8983,iPXS-GD-64-A -R,64 GB Gold Como nuevo ,true,outofstock,no,,product-variant,8961
8984,iPXS-GD-64-A+ -R,64 GB Gold Premium ,true,outofstock,no,,product-variant,8961
8985,iPXS-SL-64-C -R,64 GB Silver Bueno ,true,outofstock,no,,product-variant,8961
8986,iPXS-SL-64-B -R,64 GB Silver Muy bueno ,true,outofstock,no,,product-variant,8961
8987,iPXS-SL-64-A -R,64 GB Silver Como nuevo ,true,outofstock,no,,product-variant,8961
8988,iPXS-SL-64-A+ -R,64 GB Silver Premium ,true,outofstock,no,,product-variant,8961
8989,iPXS-SG-64-C -R,64 GB Space gray Bueno ,true,outofstock,no,,product-variant,8961
8990,iPXS-SG-64-B -R,64 GB Space gray Muy bueno ,true,onbackorder,yes,,product-variant,8961
8991,iPXS-SG-64-A -R,64 GB Space gray Como nuevo ,true,outofstock,no,,product-variant,8961
8992,iPXS-SG-64-A+ -R,64 GB Space gray Premium ,true,outofstock,no,,product-variant,8961
8993,iPXS-GD-256-C -R,256 GB Gold Bueno ,true,outofstock,no,,product-variant,8961
8994,iPXS-GD-256-B -R,256 GB Gold Muy bueno ,true,outofstock,no,,product-variant,8961
8995,iPXS-GD-256-A -R,256 GB Gold Como nuevo ,true,instock,yes,2,product-variant,8961
8996,iPXS-GD-256-A+ -R,256 GB Gold Premium ,true,outofstock,no,,product-variant,8961
8997,iPXS-SL-256-C -R,256 GB Silver Bueno ,true,outofstock,no,,product-variant,8961
8998,iPXS-SL-256-B -R,256 GB Silver Muy bueno ,true,outofstock,no,,product-variant,8961
8999,iPXS-SL-256-A -R,256 GB Silver Como nuevo ,true,onbackorder,yes,,product-variant,8961
9000,iPXS-SL-256-A+ -R,256 GB Silver Premium ,true,outofstock,no,,product-variant,8961
9001,iPXS-SG-256-C -R,256 GB Space gray Bueno ,true,outofstock,no,,product-variant,8961
9002,iPXS-SG-256-B -R,256 GB Space gray Muy bueno ,true,onbackorder,yes,,product-variant,8961
9003,iPXS-SG-256-A -R,256 GB Space gray Como nuevo ,true,onbackorder,yes,,product-variant,8961
9004,iPXS-SG-256-A+ -R,256 GB Space gray Premium ,true,outofstock,no,,product-variant,8961
9005,iPXS-GD-512-C -R,512 GB Gold Bueno ,true,outofstock,no,,product-variant,8961
9006,iPXS-GD-512-B -R,512 GB Gold Muy bueno ,true,outofstock,no,,product-variant,8961
9007,iPXS-GD-512-A -R,512 GB Gold Como nuevo ,true,onbackorder,yes,,product-variant,8961
9008,iPXS-GD-512-A+ -R,512 GB Gold Premium ,true,outofstock,no,,product-variant,8961
9009,iPXS-SL-512-C -R,512 GB Silver Bueno ,true,outofstock,no,,product-variant,8961
9010,iPXS-SL-512-B -R,512 GB Silver Muy bueno ,true,outofstock,no,,product-variant,8961
9011,iPXS-SL-512-A -R,512 GB Silver Como nuevo ,true,outofstock,no,,product-variant,8961
9012,iPXS-SL-512-A+ -R,512 GB Silver Premium ,true,outofstock,no,,product-variant,8961
9013,iPXS-SG-512-C -R,512 GB Space gray Bueno ,true,outofstock,no,,product-variant,8961
9014,iPXS-SG-512-B -R,512 GB Space gray Muy bueno ,true,outofstock,no,,product-variant,8961
9015,iPXS-SG-512-A -R,512 GB Space gray Como nuevo ,true,onbackorder,yes,,product-variant,8961
9016,iPXS-SG-512-A+ -R,512 GB Space gray Premium ,true,outofstock,no,,product-variant,8961
9017,iP11PM-EC,iPhone 11 Pro Max,,outofstock,no,,variable,
9018,iP11PRMX-GD-64-C -R,64 GB Gold Bueno ,,outofstock,no,,product-variant,9017
9019,iP11PRMX-GD-64-B -R,64 GB Gold Muy bueno ,,outofstock,no,,product-variant,9017
9020,iP11PRMX-GD-64-A -R,64 GB Gold Como nuevo ,,outofstock,no,,product-variant,9017
9021,iP11PRMX-GD-64-A+ -R,64 GB Gold Premium ,,outofstock,no,,product-variant,9017
9022,iP11PRMX-MG-64-C -R,64 GB Midnight Green Bueno ,,outofstock,no,,product-variant,9017
9023,iP11PRMX-MG-64-B -R,64 GB Midnight Green Muy bueno ,,outofstock,no,,product-variant,9017
9024,iP11PRMX-MG-64-A -R,64 GB Midnight Green Como nuevo ,,outofstock,no,,product-variant,9017
9025,iP11PRMX-MG-64-A+ -R,64 GB Midnight Green Premium ,,outofstock,no,,product-variant,9017
9026,iP11PRMX-SL-64-C -R,64 GB Silver Bueno ,,outofstock,no,,product-variant,9017
9027,iP11PRMX-SL-64-B -R,64 GB Silver Muy bueno ,,outofstock,no,,product-variant,9017
9028,iP11PRMX-SL-64-A -R,64 GB Silver Como nuevo ,,outofstock,no,,product-variant,9017
9029,iP11PRMX-SL-64-A+ -R,64 GB Silver Premium ,,outofstock,no,,product-variant,9017
9030,iP11PRMX-SG-64-C -R,64 GB Space gray Bueno ,,outofstock,no,,product-variant,9017
9031,iP11PRMX-SG-64-B -R,64 GB Space gray Muy bueno ,,outofstock,no,,product-variant,9017
9032,iP11PRMX-SG-64-A -R,64 GB Space gray Como nuevo ,,outofstock,no,,product-variant,9017
9033,iP11PRMX-SG-64-A+ -R,64 GB Space gray Premium ,,outofstock,no,,product-variant,9017
9034,iP11PRMX-GD-256-C -R,256 GB Gold Bueno ,,outofstock,no,,product-variant,9017
9035,iP11PRMX-GD-256-B -R,256 GB Gold Muy bueno ,,outofstock,no,,product-variant,9017
9036,iP11PRMX-GD-256-A -R,256 GB Gold Como nuevo ,,outofstock,no,,product-variant,9017
9037,iP11PRMX-GD-256-A+ -R,256 GB Gold Premium ,,outofstock,no,,product-variant,9017
9038,iP11PRMX-MG-256-C -R,256 GB Midnight Green Bueno ,,outofstock,no,,product-variant,9017
9039,iP11PRMX-MG-256-B -R,256 GB Midnight Green Muy bueno ,,outofstock,no,,product-variant,9017
9040,iP11PRMX-MG-256-A -R,256 GB Midnight Green Como nuevo ,,outofstock,no,,product-variant,9017
9041,iP11PRMX-MG-256-A+ -R,256 GB Midnight Green Premium ,,outofstock,no,,product-variant,9017
9042,iP11PRMX-SL-256-C -R,256 GB Silver Bueno ,,outofstock,no,,product-variant,9017
9043,iP11PRMX-SL-256-B -R,256 GB Silver Muy bueno ,,outofstock,no,,product-variant,9017
9044,iP11PRMX-SL-256-A -R,256 GB Silver Como nuevo ,,outofstock,no,,product-variant,9017
9045,iP11PRMX-SL-256-A+ -R,256 GB Silver Premium ,,outofstock,no,,product-variant,9017
9046,iP11PRMX-SG-256-C -R,256 GB Space gray Bueno ,,outofstock,no,,product-variant,9017
9047,iP11PRMX-SG-256-B -R,256 GB Space gray Muy bueno ,,outofstock,no,,product-variant,9017
9048,iP11PRMX-SG-256-A -R,256 GB Space gray Como nuevo ,,outofstock,no,,product-variant,9017
9049,iP11PRMX-SG-256-A+ -R,256 GB Space gray Premium ,,outofstock,no,,product-variant,9017
9050,iP11PRMX-GD-512-C -R,512 GB Gold Bueno ,,outofstock,no,,product-variant,9017
9051,iP11PRMX-GD-512-B -R,512 GB Gold Muy bueno ,,outofstock,no,,product-variant,9017
9052,iP11PRMX-GD-512-A -R,512 GB Gold Como nuevo ,,outofstock,no,,product-variant,9017
9053,iP11PRMX-GD-512-A+ -R,512 GB Gold Premium ,,outofstock,no,,product-variant,9017
9054,iP11PRMX-MG-512-C -R,512 GB Midnight Green Bueno ,,outofstock,no,,product-variant,9017
9055,iP11PRMX-MG-512-B -R,512 GB Midnight Green Muy bueno ,,outofstock,no,,product-variant,9017
9056,iP11PRMX-MG-512-A -R,512 GB Midnight Green Como nuevo ,,outofstock,no,,product-variant,9017
9057,iP11PRMX-MG-512-A+ -R,512 GB Midnight Green Premium ,,outofstock,no,,product-variant,9017
9058,iP11PRMX-SL-512-C -R,512 GB Silver Bueno ,,outofstock,no,,product-variant,9017
9059,iP11PRMX-SL-512-B -R,512 GB Silver Muy bueno ,,outofstock,no,,product-variant,9017
9060,iP11PRMX-SL-512-A -R,512 GB Silver Como nuevo ,,outofstock,no,,product-variant,9017
9061,iP11PRMX-SL-512-A+ -R,512 GB Silver Premium ,,outofstock,no,,product-variant,9017
9062,iP11PRMX-SG-512-C -R,512 GB Space gray Bueno ,,outofstock,no,,product-variant,9017
9063,iP11PRMX-SG-512-B -R,512 GB Space gray Muy bueno ,,outofstock,no,,product-variant,9017
9064,iP11PRMX-SG-512-A -R,512 GB Space gray Como nuevo ,,outofstock,no,,product-variant,9017
9065,iP11PRMX-SG-512-A+ -R,512 GB Space gray Premium ,,outofstock,no,,product-variant,9017
9069,iP12PM-EC,iPhone 12 Pro Max,,outofstock,no,,variable,
9070,iP12PRMX-GD-64-C -R,64 GB Gold Bueno ,,outofstock,no,,product-variant,9069
9071,iP12PRMX-GD-64-B -R,64 GB Gold Muy bueno ,,outofstock,no,,product-variant,9069
9072,iP12PRMX-GD-64-A -R,64 GB Gold Como nuevo ,,outofstock,no,,product-variant,9069
9073,iP12PRMX-GD-64-A+ -R,64 GB Gold Premium ,,outofstock,no,,product-variant,9069
9074,iP12PRMX-MG-64-C -R,64 GB Midnight Green Bueno ,,outofstock,no,,product-variant,9069
9075,iP12PRMX-MG-64-B -R,64 GB Midnight Green Muy bueno ,,outofstock,no,,product-variant,9069
9076,iP12PRMX-MG-64-A -R,64 GB Midnight Green Como nuevo ,,outofstock,no,,product-variant,9069
9077,iP12PRMX-MG-64-A+ -R,64 GB Midnight Green Premium ,,outofstock,no,,product-variant,9069
9078,iP12PRMX-SL-64-C -R,64 GB Silver Bueno ,,outofstock,no,,product-variant,9069
9079,iP12PRMX-SL-64-B -R,64 GB Silver Muy bueno ,,outofstock,no,,product-variant,9069
9080,iP12PRMX-SL-64-A -R,64 GB Silver Como nuevo ,,outofstock,no,,product-variant,9069
9081,iP12PRMX-SL-64-A+ -R,64 GB Silver Premium ,,outofstock,no,,product-variant,9069
9082,iP12PRMX-SG-64-C -R,64 GB Space gray Bueno ,,outofstock,no,,product-variant,9069
9083,iP12PRMX-SG-64-B -R,64 GB Space gray Muy bueno ,,outofstock,no,,product-variant,9069
9084,iP12PRMX-SG-64-A -R,64 GB Space gray Como nuevo ,,outofstock,no,,product-variant,9069
9085,iP12PRMX-SG-64-A+ -R,64 GB Space gray Premium ,,outofstock,no,,product-variant,9069
9086,iP12PRMX-GD-256-C -R,256 GB Gold Bueno ,,outofstock,no,,product-variant,9069
9087,iP12PRMX-GD-256-B -R,256 GB Gold Muy bueno ,,outofstock,no,,product-variant,9069
9088,iP12PRMX-GD-256-A -R,256 GB Gold Como nuevo ,,outofstock,no,,product-variant,9069
9089,iP12PRMX-GD-256-A+ -R,256 GB Gold Premium ,,outofstock,no,,product-variant,9069
9090,iP12PRMX-MG-256-C -R,256 GB Midnight Green Bueno ,,outofstock,no,,product-variant,9069
9091,iP12PRMX-MG-256-B -R,256 GB Midnight Green Muy bueno ,,outofstock,no,,product-variant,9069
9092,iP12PRMX-MG-256-A -R,256 GB Midnight Green Como nuevo ,,outofstock,no,,product-variant,9069
9093,iP12PRMX-MG-256-A+ -R,256 GB Midnight Green Premium ,,outofstock,no,,product-variant,9069
9094,iP12PRMX-SL-256-C -R,256 GB Silver Bueno ,,outofstock,no,,product-variant,9069
9095,iP12PRMX-SL-256-B -R,256 GB Silver Muy bueno ,,outofstock,no,,product-variant,9069
9096,iP12PRMX-SL-256-A -R,256 GB Silver Como nuevo ,,outofstock,no,,product-variant,9069
9097,iP12PRMX-SL-256-A+ -R,256 GB Silver Premium ,,outofstock,no,,product-variant,9069
9098,iP12PRMX-SG-256-C -R,256 GB Space gray Bueno ,,outofstock,no,,product-variant,9069
9099,iP12PRMX-SG-256-B -R,256 GB Space gray Muy bueno ,,outofstock,no,,product-variant,9069
9100,iP12PRMX-SG-256-A -R,256 GB Space gray Como nuevo ,,outofstock,no,,product-variant,9069
9101,iP12PRMX-SG-256-A+ -R,256 GB Space gray Premium ,,outofstock,no,,product-variant,9069
9102,iP12PRMX-GD-512-C -R,512 GB Gold Bueno ,,outofstock,no,,product-variant,9069
9103,iP12PRMX-GD-512-B -R,512 GB Gold Muy bueno ,,outofstock,no,,product-variant,9069
9104,iP12PRMX-GD-512-A -R,512 GB Gold Como nuevo ,,outofstock,no,,product-variant,9069
9105,iP12PRMX-GD-512-A+ -R,512 GB Gold Premium ,,outofstock,no,,product-variant,9069
9106,iP12PRMX-MG-512-C -R,512 GB Midnight Green Bueno ,,outofstock,no,,product-variant,9069
9107,iP12PRMX-MG-512-B -R,512 GB Midnight Green Muy bueno ,,outofstock,no,,product-variant,9069
9108,iP12PRMX-MG-512-A -R,512 GB Midnight Green Como nuevo ,,outofstock,no,,product-variant,9069
9109,iP12PRMX-MG-512-A+ -R,512 GB Midnight Green Premium ,,outofstock,no,,product-variant,9069
9110,iP12PRMX-SL-512-C -R,512 GB Silver Bueno ,,outofstock,no,,product-variant,9069
9111,iP12PRMX-SL-512-B -R,512 GB Silver Muy bueno ,,outofstock,no,,product-variant,9069
9112,iP12PRMX-SL-512-A -R,512 GB Silver Como nuevo ,,outofstock,no,,product-variant,9069
9113,iP12PRMX-SL-512-A+ -R,512 GB Silver Premium ,,outofstock,no,,product-variant,9069
9114,iP12PRMX-SG-512-C -R,512 GB Space gray Bueno ,,outofstock,no,,product-variant,9069
9115,iP12PRMX-SG-512-B -R,512 GB Space gray Muy bueno ,,outofstock,no,,product-variant,9069
9116,iP12PRMX-SG-512-A -R,512 GB Space gray Como nuevo ,,outofstock,no,,product-variant,9069
9117,iP12PRMX-SG-512-A+ -R,512 GB Space gray Premium ,,outofstock,no,,product-variant,9069
9120,iP13P-EC,iPhone 13 Pro,,instock,no,,variable,
9196,iP13PR-ALGR-128-C -R,128 GB Alpine Green Bueno ,true,outofstock,no,,product-variant,9120
9197,iP13PR-ALGR-128-B -R,128 GB Alpine Green Muy bueno ,true,outofstock,no,,product-variant,9120
9198,iP13PR-ALGR-128-A -R,128 GB Alpine Green Como nuevo ,true,outofstock,no,,product-variant,9120
9199,iP13PR-ALGR-128-A+ -R,128 GB Alpine Green Premium ,true,outofstock,no,,product-variant,9120
9200,iP13PR-GD-128-C -R,128 GB Gold Bueno ,true,outofstock,no,,product-variant,9120
9201,iP13PR-GD-128-B -R,128 GB Gold Muy bueno ,true,outofstock,no,,product-variant,9120
9202,iP13PR-GD-128-A -R,128 GB Gold Como nuevo ,true,outofstock,no,,product-variant,9120
9203,iP13PR-GD-128-A+ -R,128 GB Gold Premium ,true,outofstock,no,,product-variant,9120
9204,iP13PR-GRP-128-C -R,128 GB Graphite Bueno ,true,outofstock,no,,product-variant,9120
9205,iP13PR-GRP-128-B -R,128 GB Graphite Muy bueno ,true,outofstock,no,,product-variant,9120
9206,iP13PR-GRP-128-A -R,128 GB Graphite Como nuevo ,true,outofstock,no,,product-variant,9120
9207,iP13PR-GRP-128-A+ -R,128 GB Graphite Premium ,true,outofstock,no,,product-variant,9120
9208,iP13PR-SRBL-128-C -R,128 GB Sierra blue Bueno ,true,instock,no,8,product-variant,9120
9209,iP13PR-SRBL-128-B -R,128 GB Sierra blue Muy bueno ,true,instock,no,2,product-variant,9120
9210,iP13PR-SRBL-128-A -R,128 GB Sierra blue Como nuevo ,true,outofstock,no,,product-variant,9120
9211,iP13PR-SRBL-128-A+ -R,128 GB Sierra blue Premium ,true,outofstock,no,,product-variant,9120
9212,iP13PR-SL-128-C -R,128 GB Silver Bueno ,true,instock,no,6,product-variant,9120
9213,iP13PR-SL-128-B -R,128 GB Silver Muy bueno ,true,outofstock,no,,product-variant,9120
9214,iP13PR-SL-128-A -R,128 GB Silver Como nuevo ,true,outofstock,no,,product-variant,9120
9215,iP13PR-SL-128-A+ -R,128 GB Silver Premium ,true,outofstock,no,,product-variant,9120
9216,iP13PR-ALGR-256-C -R,256 GB Alpine Green Bueno ,true,outofstock,no,,product-variant,9120
9217,iP13PR-ALGR-256-B -R,256 GB Alpine Green Muy bueno ,true,outofstock,no,,product-variant,9120
9218,iP13PR-ALGR-256-A -R,256 GB Alpine Green Como nuevo ,true,outofstock,no,,product-variant,9120
9219,iP13PR-ALGR-256-A+ -R,256 GB Alpine Green Premium ,true,outofstock,no,,product-variant,9120
9220,iP13PR-GD-256-C -R,256 GB Gold Bueno ,true,outofstock,no,,product-variant,9120
9221,iP13PR-GD-256-B -R,256 GB Gold Muy bueno ,true,outofstock,no,,product-variant,9120
9222,iP13PR-GD-256-A -R,256 GB Gold Como nuevo ,true,outofstock,no,,product-variant,9120
9223,iP13PR-GD-256-A+ -R,256 GB Gold Premium ,true,outofstock,no,,product-variant,9120
9224,iP13PR-GRP-256-C -R,256 GB Graphite Bueno ,true,outofstock,no,,product-variant,9120
9225,iP13PR-GRP-256-B -R,256 GB Graphite Muy bueno ,true,outofstock,no,,product-variant,9120
9226,iP13PR-GRP-256-A -R,256 GB Graphite Como nuevo ,true,outofstock,no,,product-variant,9120
9227,iP13PR-GRP-256-A+ -R,256 GB Graphite Premium ,true,outofstock,no,,product-variant,9120
9228,iP13PR-SRBL-256-C -R,256 GB Sierra blue Bueno ,true,instock,no,2,product-variant,9120
9229,iP13PR-SRBL-256-B -R,256 GB Sierra blue Muy bueno ,true,outofstock,no,,product-variant,9120
9230,iP13PR-SRBL-256-A -R,256 GB Sierra blue Como nuevo ,true,outofstock,no,,product-variant,9120
9231,iP13PR-SRBL-256-A+ -R,256 GB Sierra blue Premium ,true,outofstock,no,,product-variant,9120
9232,iP13P-EC,256 GB Silver Bueno ,true,outofstock,no,,product-variant,9120
9233,iP13P-EC,256 GB Silver Muy bueno ,true,outofstock,no,,product-variant,9120
9234,iP13P-EC,256 GB Silver Como nuevo ,true,outofstock,no,,product-variant,9120
9235,iP13P-EC,256 GB Silver Premium ,true,outofstock,no,,product-variant,9120
9236,iP13P-EC,512 GB Alpine Green Bueno ,true,outofstock,no,,product-variant,9120
9237,iP13P-EC,512 GB Alpine Green Muy bueno ,true,outofstock,no,,product-variant,9120
9238,iP13P-EC,512 GB Alpine Green Como nuevo ,true,outofstock,no,,product-variant,9120
9239,iP13P-EC,512 GB Alpine Green Premium ,true,outofstock,no,,product-variant,9120
9240,iP13P-EC,512 GB Gold Bueno ,true,outofstock,no,,product-variant,9120
9241,iP13P-EC,512 GB Gold Muy bueno ,true,outofstock,no,,product-variant,9120
9242,iP13P-EC,512 GB Gold Como nuevo ,true,outofstock,no,,product-variant,9120
9243,iP13P-EC,512 GB Gold Premium ,true,outofstock,no,,product-variant,9120
9244,iP13P-EC,512 GB Graphite Bueno ,true,outofstock,no,,product-variant,9120
9245,iP13P-EC,512 GB Graphite Muy bueno ,true,outofstock,no,,product-variant,9120
9246,iP13P-EC,512 GB Graphite Como nuevo ,true,outofstock,no,,product-variant,9120
9247,iP13P-EC,512 GB Graphite Premium ,true,outofstock,no,,product-variant,9120
9248,iP13P-EC,512 GB Sierra blue Bueno ,true,outofstock,no,,product-variant,9120
9249,iP13P-EC,512 GB Sierra blue Muy bueno ,true,outofstock,no,,product-variant,9120
9250,iP13P-EC,512 GB Sierra blue Como nuevo ,true,outofstock,no,,product-variant,9120
9251,iP13P-EC,512 GB Sierra blue Premium ,true,outofstock,no,,product-variant,9120
9252,iP13P-EC,512 GB Silver Bueno ,true,outofstock,no,,product-variant,9120
9253,iP13P-EC,512 GB Silver Muy bueno ,true,outofstock,no,,product-variant,9120
9254,iP13P-EC,512 GB Silver Como nuevo ,true,outofstock,no,,product-variant,9120
9255,iP13P-EC,512 GB Silver Premium ,true,outofstock,no,,product-variant,9120
9256,iP13P-EC,1 TB Alpine Green Bueno ,true,outofstock,no,,product-variant,9120
9257,iP13P-EC,1 TB Alpine Green Muy bueno ,true,outofstock,no,,product-variant,9120
9258,iP13P-EC,1 TB Alpine Green Como nuevo ,true,outofstock,no,,product-variant,9120
9259,iP13P-EC,1 TB Alpine Green Premium ,true,outofstock,no,,product-variant,9120
9260,iP13P-EC,1 TB Gold Bueno ,true,outofstock,no,,product-variant,9120
9261,iP13P-EC,1 TB Gold Muy bueno ,true,outofstock,no,,product-variant,9120
9262,iP13P-EC,1 TB Gold Como nuevo ,true,outofstock,no,,product-variant,9120
9263,iP13P-EC,1 TB Gold Premium ,true,outofstock,no,,product-variant,9120
9264,iP13P-EC,1 TB Graphite Bueno ,true,outofstock,no,,product-variant,9120
9265,iP13P-EC,1 TB Graphite Muy bueno ,true,outofstock,no,,product-variant,9120
9266,iP13P-EC,1 TB Graphite Como nuevo ,true,outofstock,no,,product-variant,9120
9267,iP13P-EC,1 TB Graphite Premium ,true,outofstock,no,,product-variant,9120
9268,iP13P-EC,1 TB Sierra blue Bueno ,true,outofstock,no,,product-variant,9120
9269,iP13P-EC,1 TB Sierra blue Muy bueno ,true,outofstock,no,,product-variant,9120
9270,iP13P-EC,1 TB Sierra blue Como nuevo ,true,outofstock,no,,product-variant,9120
9271,iP13P-EC,1 TB Sierra blue Premium ,true,outofstock,no,,product-variant,9120
9272,iP13P-EC,1 TB Silver Bueno ,true,outofstock,no,,product-variant,9120
9273,iP13P-EC,1 TB Silver Muy bueno ,true,outofstock,no,,product-variant,9120
9274,iP13P-EC,1 TB Silver Como nuevo ,true,outofstock,no,,product-variant,9120
9275,iP13P-EC,1 TB Silver Premium ,true,outofstock,no,,product-variant,9120
9276,iP13PM-EC,iPhone 13 Pro Max,,outofstock,no,,variable,
9277,iP13PM-EC,512 GB Graphite Como nuevo ,,outofstock,no,,product-variant,9276
9278,iP13PM-EC,512 GB Graphite Premium ,,outofstock,no,,product-variant,9276
9279,iP13PM-EC,512 GB Sierra blue Bueno ,,outofstock,no,,product-variant,9276
9280,iP13PM-EC,512 GB Sierra blue Muy bueno ,,outofstock,no,,product-variant,9276
9281,iP13PM-EC,512 GB Sierra blue Como nuevo ,,outofstock,no,,product-variant,9276
9282,iP13PM-EC,512 GB Sierra blue Premium ,,outofstock,no,,product-variant,9276
9283,iP13PM-EC,512 GB Silver Bueno ,,outofstock,no,,product-variant,9276
9284,iP13PM-EC,512 GB Silver Muy bueno ,,outofstock,no,,product-variant,9276
9285,iP13PM-EC,512 GB Silver Como nuevo ,,outofstock,no,,product-variant,9276
9286,iP13PM-EC,512 GB Silver Premium ,,outofstock,no,,product-variant,9276
9287,iP13PM-EC,1 TB Alpine Green Bueno ,,outofstock,no,,product-variant,9276
9288,iP13PM-EC,1 TB Alpine Green Muy bueno ,,outofstock,no,,product-variant,9276
9289,iP13PM-EC,1 TB Alpine Green Como nuevo ,,outofstock,no,,product-variant,9276
9290,iP13PM-EC,1 TB Alpine Green Premium ,,outofstock,no,,product-variant,9276
9291,iP13PM-EC,1 TB Gold Bueno ,,outofstock,no,,product-variant,9276
9292,iP13PM-EC,1 TB Gold Muy bueno ,,outofstock,no,,product-variant,9276
9293,iP13PM-EC,1 TB Gold Como nuevo ,,outofstock,no,,product-variant,9276
9294,iP13PM-EC,1 TB Gold Premium ,,outofstock,no,,product-variant,9276
9295,iP13PM-EC,1 TB Graphite Bueno ,,outofstock,no,,product-variant,9276
9296,iP13PM-EC,1 TB Graphite Muy bueno ,,outofstock,no,,product-variant,9276
9297,iP13PM-EC,1 TB Graphite Como nuevo ,,outofstock,no,,product-variant,9276
9298,iP13PM-EC,1 TB Graphite Premium ,,outofstock,no,,product-variant,9276
9299,iP13PM-EC,1 TB Sierra blue Bueno ,,outofstock,no,,product-variant,9276
9300,iP13PM-EC,1 TB Sierra blue Muy bueno ,,outofstock,no,,product-variant,9276
9301,iP13PM-EC,1 TB Sierra blue Como nuevo ,,outofstock,no,,product-variant,9276
9302,iP13PM-EC,1 TB Sierra blue Premium ,,outofstock,no,,product-variant,9276
9303,iP13PM-EC,1 TB Silver Bueno ,,outofstock,no,,product-variant,9276
9304,iP13PM-EC,1 TB Silver Muy bueno ,,outofstock,no,,product-variant,9276
9305,iP13PM-EC,1 TB Silver Como nuevo ,,outofstock,no,,product-variant,9276
9306,iP13PM-EC,1 TB Silver Premium ,,outofstock,no,,product-variant,9276
9307,iP13PM-EC,128 GB Alpine Green Bueno ,,outofstock,no,,product-variant,9276
9308,iP13PM-EC,128 GB Alpine Green Muy bueno ,,outofstock,no,,product-variant,9276
9309,iP13PM-EC,128 GB Alpine Green Como nuevo ,,outofstock,no,,product-variant,9276
9310,iP13PM-EC,128 GB Alpine Green Premium ,,outofstock,no,,product-variant,9276
9311,iP13PM-EC,128 GB Gold Bueno ,,outofstock,no,,product-variant,9276
9312,iP13PM-EC,128 GB Gold Muy bueno ,,outofstock,no,,product-variant,9276
9313,iP13PM-EC,128 GB Gold Como nuevo ,,outofstock,no,,product-variant,9276
9314,iP13PM-EC,128 GB Gold Premium ,,outofstock,no,,product-variant,9276
9315,iP13PM-EC,128 GB Graphite Bueno ,,outofstock,no,,product-variant,9276
9316,iP13PM-EC,128 GB Graphite Muy bueno ,,outofstock,no,,product-variant,9276
9317,iP13PM-EC,128 GB Graphite Como nuevo ,,outofstock,no,,product-variant,9276
9318,iP13PM-EC,128 GB Graphite Premium ,,outofstock,no,,product-variant,9276
9319,iP13PM-EC,128 GB Sierra blue Bueno ,,outofstock,no,,product-variant,9276
9320,iP13PM-EC,128 GB Sierra blue Muy bueno ,,outofstock,no,,product-variant,9276
9321,iP13PM-EC,128 GB Sierra blue Como nuevo ,,outofstock,no,,product-variant,9276
9322,iP13PM-EC,128 GB Sierra blue Premium ,,outofstock,no,,product-variant,9276
9323,iP13PM-EC,128 GB Silver Bueno ,,outofstock,no,,product-variant,9276
9324,iP13PM-EC,128 GB Silver Muy bueno ,,outofstock,no,,product-variant,9276
9325,iP13PM-EC,128 GB Silver Como nuevo ,,outofstock,no,,product-variant,9276
9326,iP13PM-EC,128 GB Silver Premium ,,outofstock,no,,product-variant,9276
9327,iP13PM-EC,256 GB Alpine Green Bueno ,,outofstock,no,,product-variant,9276
9328,iP13PM-EC,256 GB Alpine Green Muy bueno ,,outofstock,no,,product-variant,9276
9329,iP13PM-EC,256 GB Alpine Green Como nuevo ,,outofstock,no,,product-variant,9276
9330,iP13PM-EC,256 GB Alpine Green Premium ,,outofstock,no,,product-variant,9276
9331,iP13PM-EC,256 GB Gold Bueno ,,outofstock,no,,product-variant,9276
9332,iP13PM-EC,256 GB Gold Muy bueno ,,outofstock,no,,product-variant,9276
9333,iP13PM-EC,256 GB Gold Como nuevo ,,outofstock,no,,product-variant,9276
9334,iP13PM-EC,256 GB Gold Premium ,,outofstock,no,,product-variant,9276
9335,iP13PM-EC,256 GB Graphite Bueno ,,outofstock,no,,product-variant,9276
9336,iP13PM-EC,256 GB Graphite Muy bueno ,,outofstock,no,,product-variant,9276
9337,iP13PM-EC,256 GB Graphite Como nuevo ,,outofstock,no,,product-variant,9276
9338,iP13PM-EC,256 GB Graphite Premium ,,outofstock,no,,product-variant,9276
9339,iP13PM-EC,256 GB Sierra blue Bueno ,,outofstock,no,,product-variant,9276
9340,iP13PM-EC,256 GB Sierra blue Muy bueno ,,outofstock,no,,product-variant,9276
9341,iP13PM-EC,256 GB Sierra blue Como nuevo ,,outofstock,no,,product-variant,9276
9342,iP13PM-EC,256 GB Sierra blue Premium ,,outofstock,no,,product-variant,9276
9343,iP13PM-EC,256 GB Silver Bueno ,,outofstock,no,,product-variant,9276
9344,iP13PM-EC,256 GB Silver Muy bueno ,,outofstock,no,,product-variant,9276
9345,iP13PM-EC,256 GB Silver Como nuevo ,,outofstock,no,,product-variant,9276
9346,iP13PM-EC,256 GB Silver Premium ,,outofstock,no,,product-variant,9276
9347,iP13PM-EC,512 GB Alpine Green Bueno ,,outofstock,no,,product-variant,9276
9348,iP13PM-EC,512 GB Alpine Green Muy bueno ,,outofstock,no,,product-variant,9276
9349,iP13PM-EC,512 GB Alpine Green Como nuevo ,,outofstock,no,,product-variant,9276
9350,iP13PM-EC,512 GB Alpine Green Premium ,,outofstock,no,,product-variant,9276
9351,iP13PM-EC,512 GB Gold Bueno ,,outofstock,no,,product-variant,9276
9352,iP13PM-EC,512 GB Gold Muy bueno ,,outofstock,no,,product-variant,9276
9353,iP13PM-EC,512 GB Gold Como nuevo ,,outofstock,no,,product-variant,9276
9354,iP13PM-EC,512 GB Gold Premium ,,outofstock,no,,product-variant,9276
9355,iP13PM-EC,512 GB Graphite Bueno ,,outofstock,no,,product-variant,9276
9356,iP13PM-EC,512 GB Graphite Muy bueno ,,outofstock,no,,product-variant,9276
9360,iPSE2-EC,iPhone SE (2.ª gen),,outofstock,no,,variable,
9412,iPSE2-EC,64 GB Black Bueno ,true,outofstock,no,,product-variant,9360
9413,iPSE2-EC,64 GB Black Muy bueno ,true,outofstock,no,,product-variant,9360
9414,iPSE2-EC,64 GB Black Como nuevo ,true,outofstock,no,,product-variant,9360
9415,iPSE2-EC,64 GB Black Premium ,true,outofstock,no,,product-variant,9360
9416,iPSE2-EC,64 GB Red Bueno ,true,outofstock,no,,product-variant,9360
9417,iPSE2-EC,64 GB Red Muy bueno ,true,outofstock,no,,product-variant,9360
9418,iPSE2-EC,64 GB Red Como nuevo ,true,outofstock,no,,product-variant,9360
9419,iPSE2-EC,64 GB Red Premium ,true,outofstock,no,,product-variant,9360
9420,iPSE2-EC,64 GB White Bueno ,true,outofstock,no,,product-variant,9360
9421,iPSE2-EC,64 GB White Muy bueno ,true,outofstock,no,,product-variant,9360
9422,iPSE2-EC,64 GB White Como nuevo ,true,outofstock,no,,product-variant,9360
9423,iPSE2-EC,64 GB White Premium ,true,outofstock,no,,product-variant,9360
9424,iPSE2-EC,128 GB Black Bueno ,true,outofstock,no,,product-variant,9360
9425,iPSE2-EC,128 GB Black Muy bueno ,true,outofstock,no,,product-variant,9360
9426,iPSE2-EC,128 GB Black Como nuevo ,true,outofstock,no,,product-variant,9360
9427,iPSE2-EC,128 GB Black Premium ,true,outofstock,no,,product-variant,9360
9428,iPSE2-EC,128 GB Red Bueno ,true,outofstock,no,,product-variant,9360
9429,iPSE2-EC,128 GB Red Muy bueno ,true,outofstock,no,,product-variant,9360
9430,iPSE2-EC,128 GB Red Como nuevo ,true,outofstock,no,,product-variant,9360
9431,iPSE2-EC,128 GB Red Premium ,true,outofstock,no,,product-variant,9360
9432,iPSE2-EC,128 GB White Bueno ,true,outofstock,no,,product-variant,9360
9433,iPSE2-EC,128 GB White Muy bueno ,true,outofstock,no,,product-variant,9360
9434,iPSE2-EC,128 GB White Como nuevo ,true,outofstock,no,,product-variant,9360
9435,iPSE2-EC,128 GB White Premium ,true,outofstock,no,,product-variant,9360
9436,iPSE2-EC,256 GB Black Bueno ,true,outofstock,no,,product-variant,9360
9437,iPSE2-EC,256 GB Black Muy bueno ,true,outofstock,no,,product-variant,9360
9438,iPSE2-EC,256 GB Black Como nuevo ,true,outofstock,no,,product-variant,9360
9439,iPSE2-EC,256 GB Black Premium ,true,outofstock,no,,product-variant,9360
9440,iPSE2-EC,256 GB Red Bueno ,true,outofstock,no,,product-variant,9360
9441,iPSE2-EC,256 GB Red Muy bueno ,true,outofstock,no,,product-variant,9360
9442,iPSE2-EC,256 GB Red Como nuevo ,true,outofstock,no,,product-variant,9360
9443,iPSE2-EC,256 GB Red Premium ,true,outofstock,no,,product-variant,9360
9444,iPSE2-EC,256 GB White Bueno ,true,outofstock,no,,product-variant,9360
9445,iPSE2-EC,256 GB White Muy bueno ,true,outofstock,no,,product-variant,9360
9446,iPSE2-EC,256 GB White Como nuevo ,true,outofstock,no,,product-variant,9360
9447,iPSE2-EC,256 GB White Premium ,true,outofstock,no,,product-variant,9360
9465,iPSE3-EC,iPhone SE (3.ª gen),,outofstock,no,,variable,
9502,iPSE3-EC,64 GB Midnight Bueno ,true,outofstock,no,,product-variant,9465
9503,iPSE3-EC,64 GB Midnight Muy bueno ,true,outofstock,no,,product-variant,9465
9504,iPSE3-EC,64 GB Midnight Como nuevo ,true,outofstock,no,,product-variant,9465
9505,iPSE3-EC,64 GB Midnight Premium ,true,outofstock,no,,product-variant,9465
9506,iPSE3-EC,64 GB Red Bueno ,true,outofstock,no,,product-variant,9465
9507,iPSE3-EC,64 GB Red Muy bueno ,true,outofstock,no,,product-variant,9465
9508,iPSE3-EC,64 GB Red Como nuevo ,true,outofstock,no,,product-variant,9465
9509,iPSE3-EC,64 GB Red Premium ,true,outofstock,no,,product-variant,9465
9510,iPSE3-EC,64 GB Starlight Bueno ,true,outofstock,no,,product-variant,9465
9511,iPSE3-EC,64 GB Starlight Muy bueno ,true,outofstock,no,,product-variant,9465
9512,iPSE3-EC,64 GB Starlight Como nuevo ,true,outofstock,no,,product-variant,9465
9513,iPSE3-EC,64 GB Starlight Premium ,true,outofstock,no,,product-variant,9465
9514,iPSE3-EC,128 GB Midnight Bueno ,true,outofstock,no,,product-variant,9465
9515,iPSE3-EC,128 GB Midnight Muy bueno ,true,outofstock,no,,product-variant,9465
9516,iPSE3-EC,128 GB Midnight Como nuevo ,true,outofstock,no,,product-variant,9465
9517,iPSE3-EC,128 GB Midnight Premium ,true,outofstock,no,,product-variant,9465
9518,iPSE3-EC,128 GB Red Bueno ,true,outofstock,no,,product-variant,9465
9519,iPSE3-EC,128 GB Red Muy bueno ,true,outofstock,no,,product-variant,9465
9520,iPSE3-EC,128 GB Red Como nuevo ,true,outofstock,no,,product-variant,9465
9521,iPSE3-EC,128 GB Red Premium ,true,outofstock,no,,product-variant,9465
9522,iPSE3-EC,128 GB Starlight Bueno ,true,outofstock,no,,product-variant,9465
9523,iPSE3-EC,128 GB Starlight Muy bueno ,true,outofstock,no,,product-variant,9465
9524,iPSE3-EC,128 GB Starlight Como nuevo ,true,outofstock,no,,product-variant,9465
9525,iPSE3-EC,128 GB Starlight Premium ,true,outofstock,no,,product-variant,9465
9526,iPSE3-EC,256 GB Midnight Bueno ,true,outofstock,no,,product-variant,9465
9527,iPSE3-EC,256 GB Midnight Muy bueno ,true,outofstock,no,,product-variant,9465
9528,iPSE3-EC,256 GB Midnight Como nuevo ,true,outofstock,no,,product-variant,9465
9529,iPSE3-EC,256 GB Midnight Premium ,true,outofstock,no,,product-variant,9465
9530,iPSE3-EC,256 GB Red Bueno ,true,outofstock,no,,product-variant,9465
9531,iPSE3-EC,256 GB Red Muy bueno ,true,outofstock,no,,product-variant,9465
9532,iPSE3-EC,256 GB Red Como nuevo ,true,outofstock,no,,product-variant,9465
9533,iPSE3-EC,256 GB Red Premium ,true,outofstock,no,,product-variant,9465
9534,iPSE3-EC,256 GB Starlight Bueno ,true,outofstock,no,,product-variant,9465
9535,iPSE3-EC,256 GB Starlight Muy bueno ,true,outofstock,no,,product-variant,9465
9536,iPSE3-EC,256 GB Starlight Como nuevo ,true,outofstock,no,,product-variant,9465
9537,iPSE3-EC,256 GB Starlight Premium ,true,outofstock,no,,product-variant,9465
9541,iW7G-EC,Apple Watch 7,,onbackorder,no,,variable,
9616,AWT7G-ALUBL-41-C -R,41 MM Aluminio Blue Bueno ,true,outofstock,no,,product-variant,9541
9617,AWT7G-ALUBL-41-B -R,41 MM Aluminio Blue Muy bueno ,true,outofstock,no,,product-variant,9541
9618,AWT7G-ALUBL-41-A -R,41 MM Aluminio Blue Como nuevo ,true,outofstock,no,,product-variant,9541
9619,AWT7G-ALUBL-41-A+ -R,41 MM Aluminio Blue Premium ,true,outofstock,no,,product-variant,9541
9620,AWT7G-ALUGR-41-C -R,41 MM Aluminio Green Bueno ,true,outofstock,no,,product-variant,9541
9621,AWT7G-ALUGR-41-B -R,41 MM Aluminio Green Muy bueno ,true,outofstock,no,,product-variant,9541
9622,AWT7G-ALUGR-41-A -R,41 MM Aluminio Green Como nuevo ,true,outofstock,no,,product-variant,9541
9623,AWT7G-ALUGR-41-A+ -R,41 MM Aluminio Green Premium ,true,onbackorder,yes,,product-variant,9541
9624,AWT7G-ALUMD-41-C -R,41 MM Aluminio Midnight Bueno ,true,outofstock,no,,product-variant,9541
9625,AWT7G-ALUMD-41-B -R,41 MM Aluminio Midnight Muy bueno ,true,outofstock,no,,product-variant,9541
9626,AWT7G-ALUMD-41-A -R,41 MM Aluminio Midnight Como nuevo ,true,onbackorder,yes,,product-variant,9541
9627,AWT7G-ALUMD-41-A+ -R,41 MM Aluminio Midnight Premium ,true,onbackorder,yes,,product-variant,9541
9628,AWT7G-ALURD-41-C -R,41 MM Aluminio Red Bueno ,true,outofstock,no,,product-variant,9541
9629,AWT7G-ALURD-41-B -R,41 MM Aluminio Red Muy bueno ,true,outofstock,no,,product-variant,9541
9630,AWT7G-ALURD-41-A -R,41 MM Aluminio Red Como nuevo ,true,outofstock,no,,product-variant,9541
9631,AWT7G-ALURD-41-A+ -R,41 MM Aluminio Red Premium ,true,outofstock,no,,product-variant,9541
9632,AWT7G-ALUSTR-41-C -R,41 MM Aluminio Starlight Bueno ,true,outofstock,no,,product-variant,9541
9633,AWT7G-ALUSTR-41-B -R,41 MM Aluminio Starlight Muy bueno ,true,outofstock,no,,product-variant,9541
9634,AWT7G-ALUSTR-41-A -R,41 MM Aluminio Starlight Como nuevo ,true,outofstock,no,,product-variant,9541
9635,AWT7G-ALUSTR-41-A+ -R,41 MM Aluminio Starlight Premium ,true,onbackorder,yes,,product-variant,9541
9636,AWT7G-ALUBL-45-C -R,45 MM Aluminio Blue Bueno ,true,outofstock,no,,product-variant,9541
9637,AWT7G-ALUBL-45-B -R,45 MM Aluminio Blue Muy bueno ,true,outofstock,no,,product-variant,9541
9638,AWT7G-ALUBL-45-A -R,45 MM Aluminio Blue Como nuevo ,true,outofstock,no,,product-variant,9541
9639,AWT7G-ALUBL-45-A+ -R,45 MM Aluminio Blue Premium ,true,outofstock,no,,product-variant,9541
9640,AWT7G-ALUGR-45-C -R,45 MM Aluminio Green Bueno ,true,outofstock,no,,product-variant,9541
9641,AWT7G-ALUGR-45-B -R,45 MM Aluminio Green Muy bueno ,true,outofstock,no,,product-variant,9541
9642,AWT7G-ALUGR-45-A -R,45 MM Aluminio Green Como nuevo ,true,outofstock,no,,product-variant,9541
9643,AWT7G-ALUGR-45-A+ -R,45 MM Aluminio Green Premium ,true,outofstock,no,,product-variant,9541
9644,AWT7G-ALUMD-45-C -R,45 MM Aluminio Midnight Bueno ,true,outofstock,no,,product-variant,9541
9645,AWT7G-ALUMD-45-B -R,45 MM Aluminio Midnight Muy bueno ,true,outofstock,no,,product-variant,9541
9646,AWT7G-ALUMD-45-A -R,45 MM Aluminio Midnight Como nuevo ,true,onbackorder,yes,,product-variant,9541
9647,AWT7G-ALUMD-45-A+ -R,45 MM Aluminio Midnight Premium ,true,outofstock,no,,product-variant,9541
9648,AWT7G-ALURD-45-C -R,45 MM Aluminio Red Bueno ,true,outofstock,no,,product-variant,9541
9649,AWT7G-ALURD-45-B -R,45 MM Aluminio Red Muy bueno ,true,outofstock,no,,product-variant,9541
9650,AWT7G-ALURD-45-A -R,45 MM Aluminio Red Como nuevo ,true,outofstock,no,,product-variant,9541
9651,AWT7G-ALURD-45-A+ -R,45 MM Aluminio Red Premium ,true,onbackorder,yes,,product-variant,9541
9652,AWT7G-ALUSTR-45-C -R,45 MM Aluminio Starlight Bueno ,true,outofstock,no,,product-variant,9541
9653,AWT7G-ALUSTR-45-B -R,45 MM Aluminio Starlight Muy bueno ,true,outofstock,no,,product-variant,9541
9654,AWT7G-ALUSTR-45-A -R,45 MM Aluminio Starlight Como nuevo ,true,outofstock,no,,product-variant,9541
9655,AWT7G-ALUSTR-45-A+ -R,45 MM Aluminio Starlight Premium ,true,outofstock,no,,product-variant,9541
9656,iWSE2G-EC,Apple Watch SE (2.ª gen),,instock,no,,variable,
9702,AWTSE2G-ALUMD-40-C -R,40 MM Aluminio Midnight Bueno ,true,outofstock,no,,product-variant,9656
9703,AWTSE2G-ALUMD-40-B -R,40 MM Aluminio Midnight Muy bueno ,true,outofstock,no,,product-variant,9656
9704,AWTSE2G-ALUMD-40-A -R,40 MM Aluminio Midnight Como nuevo ,true,outofstock,no,,product-variant,9656
9705,AWTSE2G-ALUMD-40-A+ -R,40 MM Aluminio Midnight Premium ,true,outofstock,no,,product-variant,9656
9706,AWTSE2G-ALUSL-40-C -R,40 MM Aluminio Silver Bueno ,true,outofstock,no,,product-variant,9656
9707,AWTSE2G-ALUSL-40-B -R,40 MM Aluminio Silver Muy bueno ,true,outofstock,no,,product-variant,9656
9708,AWTSE2G-ALUSL-40-A -R,40 MM Aluminio Silver Como nuevo ,true,outofstock,no,,product-variant,9656
9709,AWTSE2G-ALUSL-40-A+ -R,40 MM Aluminio Silver Premium ,true,instock,no,11,product-variant,9656
9710,AWTSE2G-ALUSTR-40-C -R,40 MM Aluminio Starlight Bueno ,true,outofstock,no,,product-variant,9656
9711,AWTSE2G-ALUSTR-40-B -R,40 MM Aluminio Starlight Muy bueno ,true,outofstock,no,,product-variant,9656
9712,AWTSE2G-ALUSTR-40-A -R,40 MM Aluminio Starlight Como nuevo ,true,outofstock,no,,product-variant,9656
9713,AWTSE2G-ALUSTR-40-A+ -R,40 MM Aluminio Starlight Premium ,true,outofstock,no,,product-variant,9656
9714,AWTSE2G-ALUMD-44-C -R,44 MM Aluminio Midnight Bueno ,true,outofstock,no,,product-variant,9656
9715,AWTSE2G-ALUMD-44-B -R,44 MM Aluminio Midnight Muy bueno ,true,outofstock,no,,product-variant,9656
9716,AWTSE2G-ALUMD-44-A -R,44 MM Aluminio Midnight Como nuevo ,true,outofstock,no,,product-variant,9656
9717,AWTSE2G-ALUMD-44-A+ -R,44 MM Aluminio Midnight Premium ,true,onbackorder,yes,,product-variant,9656
9718,AWTSE2G-ALUSL-44-C -R,44 MM Aluminio Silver Bueno ,true,outofstock,no,,product-variant,9656
9719,AWTSE2G-ALUSL-44-B -R,44 MM Aluminio Silver Muy bueno ,true,outofstock,no,,product-variant,9656
9720,AWTSE2G-ALUSL-44-A -R,44 MM Aluminio Silver Como nuevo ,true,outofstock,no,,product-variant,9656
9721,AWTSE2G-ALUSL-44-A+ -R,44 MM Aluminio Silver Premium ,true,outofstock,no,,product-variant,9656
9722,AWTSE2G-ALUSTR-44-C -R,44 MM Aluminio Starlight Bueno ,true,outofstock,no,,product-variant,9656
9723,AWTSE2G-ALUSTR-44-B -R,44 MM Aluminio Starlight Muy bueno ,true,outofstock,no,,product-variant,9656
9724,AWTSE2G-ALUSTR-44-A -R,44 MM Aluminio Starlight Como nuevo ,true,outofstock,no,,product-variant,9656
9725,AWTSE2G-ALUSTR-44-A+ -R,44 MM Aluminio Starlight Premium ,true,outofstock,no,,product-variant,9656
9917,iP12PR-GD-128-C -R,128 GB Gold Bueno ,true,outofstock,no,,product-variant,8912
9918,iP12PR-GD-128-B -R,128 GB Gold Muy bueno ,true,outofstock,no,,product-variant,8912
9919,iP12PR-GD-128-A -R,128 GB Gold Como nuevo ,true,outofstock,no,,product-variant,8912
9920,iP12PR-GD-128-A+-R,128 GB Gold Premium ,true,outofstock,no,,product-variant,8912
9921,iP12PR-GRT-128-C -R,128 GB Graphite Bueno ,true,outofstock,no,,product-variant,8912
9922,iP12PR-GRT-128-B -R,128 GB Graphite Muy bueno ,true,outofstock,no,,product-variant,8912
9923,iP12PR-GRT-128-A -R,128 GB Graphite Como nuevo ,true,outofstock,no,,product-variant,8912
9924,iP12PR-GRT-RP-128-A+-R,128 GB Graphite Premium ,true,outofstock,no,,product-variant,8912
9925,iP12PR-PCBL-128-C -R,128 GB Pacific Blue Bueno ,true,outofstock,no,,product-variant,8912
9926,iP12PR-PCBL-128-B -R,128 GB Pacific Blue Muy bueno ,true,outofstock,no,,product-variant,8912
9927,iP12PR-PCBL-128-A -R,128 GB Pacific Blue Como nuevo ,true,outofstock,no,,product-variant,8912
9928,iP12PR-PCBL-128-A+-R,128 GB Pacific Blue Premium ,true,outofstock,no,,product-variant,8912
9929,iP12PR-SL-128-C -R,128 GB Silver Bueno ,true,outofstock,no,,product-variant,8912
9930,iP12PR-SL-128-B -R,128 GB Silver Muy bueno ,true,outofstock,no,,product-variant,8912
9931,iP12PR-SL-128-A -R,128 GB Silver Como nuevo ,true,outofstock,no,,product-variant,8912
9932,iP12PR-SL-128-A+-R,128 GB Silver Premium ,true,outofstock,no,,product-variant,8912
9933,iP12PR-GD-256-C -R,256 GB Gold Bueno ,true,outofstock,no,,product-variant,8912
9934,iP12PR-GD-256-B -R,256 GB Gold Muy bueno ,true,outofstock,no,,product-variant,8912
9935,iP12PR-GD-256-A -R,256 GB Gold Como nuevo ,true,outofstock,no,,product-variant,8912
9936,iP12PR-GD-256-A+-R,256 GB Gold Premium ,true,outofstock,no,,product-variant,8912
9937,iP12PR-GRT-256-C -R,256 GB Graphite Bueno ,true,outofstock,no,,product-variant,8912
9938,iP12PR-GRT-256-B -R,256 GB Graphite Muy bueno ,true,outofstock,no,,product-variant,8912
9939,iP12PR-GRT-256-A -R,256 GB Graphite Como nuevo ,true,outofstock,no,,product-variant,8912
9940,iP12PR-GRT-256-A+-R,256 GB Graphite Premium ,true,outofstock,no,,product-variant,8912
9941,iP12PR-PCBL-256-C -R,256 GB Pacific Blue Bueno ,true,outofstock,no,,product-variant,8912
9942,iP12PR-PCBL-256-B -R,256 GB Pacific Blue Muy bueno ,true,outofstock,no,,product-variant,8912
9943,iP12PR-PCBL-256-A -R,256 GB Pacific Blue Como nuevo ,true,outofstock,no,,product-variant,8912
9944,iP12PR-PCBL-256-A+-R,256 GB Pacific Blue Premium ,true,outofstock,no,,product-variant,8912
9945,iP12PR-SL-256-C -R,256 GB Silver Bueno ,true,outofstock,no,,product-variant,8912
9946,iP12PR-SL-256-B -R,256 GB Silver Muy bueno ,true,outofstock,no,,product-variant,8912
9947,iP12PR-SL-256-A -R,256 GB Silver Como nuevo ,true,outofstock,no,,product-variant,8912
9948,iP12PR-SL-256-A+-R,256 GB Silver Premium ,true,outofstock,no,,product-variant,8912
9949,iP12PR-GD-512-C -R,512 GB Gold Bueno ,true,outofstock,no,,product-variant,8912
9950,iP12PR-GD-512-B -R,512 GB Gold Muy bueno ,true,outofstock,no,,product-variant,8912
9951,iP12PR-GD-512-A -R,512 GB Gold Como nuevo ,true,outofstock,no,,product-variant,8912
9952,iP12PR-GD-512-A+-R,512 GB Gold Premium ,true,outofstock,no,,product-variant,8912
9953,iP12PR-GRT-512-C -R,512 GB Graphite Bueno ,true,outofstock,no,,product-variant,8912
9954,iP12PR-GRT-512-B -R,512 GB Graphite Muy bueno ,true,outofstock,no,,product-variant,8912
9955,iP12PR-GRT-512-A -R,512 GB Graphite Como nuevo ,true,outofstock,no,,product-variant,8912
9956,iP12PR-GRT-512-A+-R,512 GB Graphite Premium ,true,outofstock,no,,product-variant,8912
9957,iP12PR-PCBL-512-C -R,512 GB Pacific Blue Bueno ,true,outofstock,no,,product-variant,8912
9958,iP12PR-PCBL-512-B -R,512 GB Pacific Blue Muy bueno ,true,outofstock,no,,product-variant,8912
9959,iP12PR-PCBL-512-A -R,512 GB Pacific Blue Como nuevo ,true,outofstock,no,,product-variant,8912
9960,iP12PR-PCBL-512-A+-R,512 GB Pacific Blue Premium ,true,outofstock,no,,product-variant,8912
9961,iP12PR-SL-512-C -R,512 GB Silver Bueno ,true,outofstock,no,,product-variant,8912
9962,iP12PR-SL-512-B -R,512 GB Silver Muy bueno ,true,outofstock,no,,product-variant,8912
9963,iP12PR-SL-512-A -R,512 GB Silver Como nuevo ,true,outofstock,no,,product-variant,8912
9964,iP12PR-SL-512-A+-R,512 GB Silver Premium ,true,outofstock,no,,product-variant,8912
36,iP13-EC,iPhone 13,,onbackorder,no,,variable,
7928,iP13-BL-128-C -R,128 GB Blue Bueno ,true,outofstock,no,,product-variant,36
7929,iP13-BL-128-A -R,128 GB Blue Como nuevo ,true,outofstock,no,,product-variant,36
7930,iP13-BL-128-B -R,128 GB Blue Muy bueno ,true,outofstock,no,,product-variant,36
7931,iP13-BL-128-A+ -R,128 GB Blue Premium ,true,outofstock,no,,product-variant,36
7932,iP13-GR-128-C -R,128 GB Green Bueno ,true,outofstock,no,,product-variant,36
7933,iP13-GR-128-A -R,128 GB Green Como nuevo ,true,outofstock,no,,product-variant,36
7934,iP13-GR-128-B -R,128 GB Green Muy bueno ,true,outofstock,no,,product-variant,36
7935,iP13-GR-128-A+ -R,128 GB Green Premium ,true,outofstock,no,,product-variant,36
7936,iP13-MD-128-C -R,128 GB Midnight Bueno ,true,outofstock,no,,product-variant,36
7937,iP13-MD-128-A -R,128 GB Midnight Como nuevo ,true,outofstock,no,,product-variant,36
7938,iP13-MD-128-B -R,128 GB Midnight Muy bueno ,true,outofstock,no,,product-variant,36
7939,iP13-MD-128-A+ -R,128 GB Midnight Premium ,true,outofstock,no,,product-variant,36
7940,iP13-PK-128-C -R,128 GB Pink Bueno ,true,outofstock,no,,product-variant,36
7941,iP13-PK-128-A -R,128 GB Pink Como nuevo ,true,outofstock,no,,product-variant,36
7942,iP13-PK-128-B -R,128 GB Pink Muy bueno ,true,onbackorder,yes,,product-variant,36
7943,iP13-PK-128-A+ -R,128 GB Pink Premium ,true,outofstock,no,,product-variant,36
7944,iP13-RD-128-C -R,128 GB Red Bueno ,true,outofstock,no,,product-variant,36
7945,iP13-RD-128-A -R,128 GB Red Como nuevo ,true,onbackorder,yes,,product-variant,36
7946,iP13-RD-128-B -R,128 GB Red Muy bueno ,true,outofstock,no,,product-variant,36
7947,iP13-RD-128-A+ -R,128 GB Red Premium ,true,outofstock,no,,product-variant,36
7948,iP13-STR-128-C -R,128 GB Starlight Bueno ,true,outofstock,no,,product-variant,36
7949,iP13-STR-128-A -R,128 GB Starlight Como nuevo ,true,outofstock,no,,product-variant,36
7950,iP13-STR-128-B -R,128 GB Starlight Muy bueno ,true,outofstock,no,,product-variant,36
7951,iP13-STR-128-A+ -R,128 GB Starlight Premium ,true,outofstock,no,,product-variant,36
7952,iP13-BL-256-C -R,256 GB Blue Bueno ,true,outofstock,no,,product-variant,36
7953,iP13-BL-256-A -R,256 GB Blue Como nuevo ,true,outofstock,no,,product-variant,36
7954,iP13-BL-256-B -R,256 GB Blue Muy bueno ,true,outofstock,no,,product-variant,36
7955,iP13-BL-256-A+ -R,256 GB Blue Premium ,true,outofstock,no,,product-variant,36
7956,iP13-GR-256-C -R,256 GB Green Bueno ,true,outofstock,no,,product-variant,36
7957,iP13-GR-256-A -R,256 GB Green Como nuevo ,true,outofstock,no,,product-variant,36
7958,iP13-GR-256-B -R,256 GB Green Muy bueno ,true,outofstock,no,,product-variant,36
7959,iP13-GR-256-A+ -R,256 GB Green Premium ,true,outofstock,no,,product-variant,36
7960,iP13-MD-256-C -R,256 GB Midnight Bueno ,true,outofstock,no,,product-variant,36
7961,iP13-MD-256-A -R,256 GB Midnight Como nuevo ,true,outofstock,no,,product-variant,36
7962,iP13-MD-256-B -R,256 GB Midnight Muy bueno ,true,outofstock,no,,product-variant,36
7963,iP13-MD-256-A+ -R,256 GB Midnight Premium ,true,outofstock,no,,product-variant,36
7964,iP13-PK-256-C -R,256 GB Pink Bueno ,true,outofstock,no,,product-variant,36
7965,iP13-PK-256-A -R,256 GB Pink Como nuevo ,true,outofstock,no,,product-variant,36
7966,iP13-PK-256-B -R,256 GB Pink Muy bueno ,true,outofstock,no,,product-variant,36
7967,iP13-PK-256-A+ -R,256 GB Pink Premium ,true,outofstock,no,,product-variant,36
7968,iP13-RD-256-C -R,256 GB Red Bueno ,true,outofstock,no,,product-variant,36
7969,iP13-RD-256-A -R,256 GB Red Como nuevo ,true,outofstock,no,,product-variant,36
7970,iP13-RD-256-B -R,256 GB Red Muy bueno ,true,outofstock,no,,product-variant,36
7971,iP13-RD-256-A+ -R,256 GB Red Premium ,true,outofstock,no,,product-variant,36
7972,iP13-STR-256-C -R,256 GB Starlight Bueno ,true,outofstock,no,,product-variant,36
7973,iP13-STR-256-A -R,256 GB Starlight Como nuevo ,true,outofstock,no,,product-variant,36
7974,iP13-STR-256-B -R,256 GB Starlight Muy bueno ,true,outofstock,no,,product-variant,36
7975,iP13-STR-256-A+ -R,256 GB Starlight Premium ,true,outofstock,no,,product-variant,36
7976,iP13-BL-512-C -R,512 GB Blue Bueno ,true,outofstock,no,,product-variant,36
7977,iP13-BL-512-A -R,512 GB Blue Como nuevo ,true,outofstock,no,,product-variant,36
7978,iP13-BL-512-B -R,512 GB Blue Muy bueno ,true,outofstock,no,,product-variant,36
7979,iP13-BL-512-A+ -R,512 GB Blue Premium ,true,outofstock,no,,product-variant,36
7980,iP13-GR-512-C -R,512 GB Green Bueno ,true,outofstock,no,,product-variant,36
7981,iP13-GR-512-A -R,512 GB Green Como nuevo ,true,outofstock,no,,product-variant,36
7982,iP13-GR-512-B -R,512 GB Green Muy bueno ,true,outofstock,no,,product-variant,36
7983,iP13-GR-512-A+ -R,512 GB Green Premium ,true,outofstock,no,,product-variant,36
7984,iP13-MD-512-C -R,512 GB Midnight Bueno ,true,outofstock,no,,product-variant,36
7985,iP13-MD-512-A -R,512 GB Midnight Como nuevo ,true,onbackorder,yes,,product-variant,36
7986,iP13-MD-512-B -R,512 GB Midnight Muy bueno ,true,outofstock,no,,product-variant,36
7987,iP13-MD-512-A+ -R,512 GB Midnight Premium ,true,outofstock,no,,product-variant,36
7988,iP13-PK-512-C -R,512 GB Pink Bueno ,true,outofstock,no,,product-variant,36
7989,iP13-PK-512-A -R,512 GB Pink Como nuevo ,true,onbackorder,yes,,product-variant,36
7990,iP13-PK-512-B -R,512 GB Pink Muy bueno ,true,outofstock,no,,product-variant,36
7991,iP13-PK-512-A+ -R,512 GB Pink Premium ,true,outofstock,no,,product-variant,36
7992,iP13-RD-512-C -R,512 GB Red Bueno ,true,outofstock,no,,product-variant,36
7993,iP13-RD-512-A -R,512 GB Red Como nuevo ,true,outofstock,no,,product-variant,36
7994,iP13-RD-512-B -R,512 GB Red Muy bueno ,true,outofstock,no,,product-variant,36
7995,iP13-RD-512-A+ -R,512 GB Red Premium ,true,outofstock,no,,product-variant,36
7996,iP13-STR-512-C -R,512 GB Starlight Bueno ,true,outofstock,no,,product-variant,36
7997,iP13-STR-512-A -R,512 GB Starlight Como nuevo ,true,onbackorder,yes,,product-variant,36
7998,iP13-STR-512-B -R,512 GB Starlight Muy bueno ,true,outofstock,no,,product-variant,36
7999,iP13-STR-512-A+ -R,512 GB Starlight Premium ,true,outofstock,no,,product-variant,36
8311,iP12-EC,iPhone 12,,instock,no,,variable,
8384,iP12-MV-128-C -R,128 GB Malva Bueno ,true,outofstock,no,,product-variant,8311
8385,iP12-MV-128-B -R,128 GB Malva Muy bueno ,true,outofstock,no,,product-variant,8311
8386,iP12-MV-128-A -R,128 GB Malva Como nuevo ,true,outofstock,no,,product-variant,8311
8387,iP12-MV-128-A+ -R,128 GB Malva Premium ,true,outofstock,no,,product-variant,8311
8388,iP12-BK-128-C -R,128 GB Black Bueno ,true,outofstock,no,,product-variant,8311
8389,iP12-BK-128-B -R,128 GB Black Muy bueno ,true,outofstock,no,,product-variant,8311
8390,iP12-BK-128-A -R,128 GB Black Como nuevo ,true,onbackorder,yes,,product-variant,8311
8391,iP12-BK-128-A+ -R,128 GB Black Premium ,true,outofstock,no,,product-variant,8311
8392,iP12-BL-128-C -R,128 GB Blue Bueno ,true,onbackorder,yes,,product-variant,8311
8393,iP12-BL-128-B -R,128 GB Blue Muy bueno ,true,instock,no,1,product-variant,8311
8394,iP12-BL-128-A -R,128 GB Blue Como nuevo ,true,onbackorder,yes,,product-variant,8311
8395,iP12-BL-128-A+ -R,128 GB Blue Premium ,true,outofstock,no,,product-variant,8311
8396,iP12-GR-128-C -R,128 GB Green Bueno ,true,outofstock,no,,product-variant,8311
8397,iP12-GR-128-B -R,128 GB Green Muy bueno ,true,outofstock,no,,product-variant,8311
8398,iP12-GR-128-A -R,128 GB Green Como nuevo ,true,outofstock,no,,product-variant,8311
8399,iP12-GR-128-A+ -R,128 GB Green Premium ,true,outofstock,no,,product-variant,8311
8400,iP12-RD-128-C -R,128 GB Red Bueno ,true,instock,no,1,product-variant,8311
8401,iP12-RD-128-B -R,128 GB Red Muy bueno ,true,outofstock,no,,product-variant,8311
8402,iP12-RD-128-A -R,128 GB Red Como nuevo ,true,instock,no,2,product-variant,8311
8403,iP12-RD-128-A+ -R,128 GB Red Premium ,true,outofstock,no,,product-variant,8311
8404,iP12-WT-128-C -R,128 GB White Bueno ,true,outofstock,no,,product-variant,8311
8405,iP12-WT-128-B -R,128 GB White Muy bueno ,true,outofstock,no,,product-variant,8311
8406,iP12-WT-128-A -R,128 GB White Como nuevo ,true,instock,yes,1,product-variant,8311
8407,iP12-WT-128-A+ -R,128 GB White Premium ,true,outofstock,no,,product-variant,8311
8408,iP12-MV-256-C -R,256 GB Malva Bueno ,true,outofstock,no,,product-variant,8311
8409,iP12-MV-256-B -R,256 GB Malva Muy bueno ,true,outofstock,no,,product-variant,8311
8410,iP12-MV-256-A -R,256 GB Malva Como nuevo ,true,instock,no,4,product-variant,8311
8411,iP12-MV-256-A+ -R,256 GB Malva Premium ,true,outofstock,no,,product-variant,8311
8412,iP12-BK-256-C -R,256 GB Black Bueno ,true,outofstock,no,,product-variant,8311
8413,iP12-BK-256-B -R,256 GB Black Muy bueno ,true,outofstock,no,,product-variant,8311
8414,iP12-BK-256-A -R,256 GB Black Como nuevo ,true,outofstock,no,,product-variant,8311
8415,iP12-BK-256-A+ -R,256 GB Black Premium ,true,outofstock,no,,product-variant,8311
8416,iP12-BL-256-C -R,256 GB Blue Bueno ,true,outofstock,no,,product-variant,8311
8417,iP12-BL-256-B -R,256 GB Blue Muy bueno ,true,outofstock,no,,product-variant,8311
8418,iP12-BL-256-A -R,256 GB Blue Como nuevo ,true,outofstock,no,,product-variant,8311
8419,iP12-BL-256-A+ -R,256 GB Blue Premium ,true,outofstock,no,,product-variant,8311
8420,iP12-GR-256-C -R,256 GB Green Bueno ,true,outofstock,no,,product-variant,8311
8421,iP12-GR-256-B -R,256 GB Green Muy bueno ,true,outofstock,no,,product-variant,8311
8422,iP12-GR-256-A -R,256 GB Green Como nuevo ,true,outofstock,no,,product-variant,8311
8423,iP12-GR-256-A+ -R,256 GB Green Premium ,true,outofstock,no,,product-variant,8311
8424,iP12-RD-256-C -R,256 GB Red Bueno ,true,outofstock,no,,product-variant,8311
8425,iP12-RD-256-B -R,256 GB Red Muy bueno ,true,outofstock,no,,product-variant,8311
8426,iP12-RD-256-A -R,256 GB Red Como nuevo ,true,outofstock,no,,product-variant,8311
8427,iP12-RD-256-A+ -R,256 GB Red Premium ,true,outofstock,no,,product-variant,8311
8428,iP12-WT-256-C -R,256 GB White Bueno ,true,outofstock,no,,product-variant,8311
8429,iP12-WT-256-B -R,256 GB White Muy bueno ,true,outofstock,no,,product-variant,8311
8430,iP12-WT-256-A -R,256 GB White Como nuevo ,true,outofstock,no,,product-variant,8311
8431,iP12-WT-256-A+ -R,256 GB White Premium ,true,outofstock,no,,product-variant,8311
8432,iP12-MV-64-C -R,64 GB Malva Bueno ,true,outofstock,no,,product-variant,8311
8433,iP12-MV-64-B -R,64 GB Malva Muy bueno ,true,outofstock,no,,product-variant,8311
8434,iP12-MV-64-A -R,64 GB Malva Como nuevo ,true,outofstock,no,,product-variant,8311
8435,iP12-MV-64-A+ -R,64 GB Malva Premium ,true,outofstock,no,,product-variant,8311
8436,iP12-BK-64-C -R,64 GB Black Bueno ,true,onbackorder,yes,,product-variant,8311
8437,iP12-BK-64-B -R,64 GB Black Muy bueno ,true,outofstock,no,,product-variant,8311
8438,iP12-BK-64-A -R,64 GB Black Como nuevo ,true,onbackorder,yes,,product-variant,8311
8439,iP12-BK-64-A+ -R,64 GB Black Premium ,true,outofstock,no,,product-variant,8311
8440,iP12-BL-64-C -R,64 GB Blue Bueno ,true,outofstock,no,,product-variant,8311
8441,iP12-BL-64-B -R,64 GB Blue Muy bueno ,true,outofstock,no,,product-variant,8311
8442,iP12-BL-64-A -R,64 GB Blue Como nuevo ,true,outofstock,no,,product-variant,8311
8443,iP12-BL-64-A+ -R,64 GB Blue Premium ,true,outofstock,no,,product-variant,8311
8444,iP12-GR-64-C -R,64 GB Green Bueno ,true,outofstock,no,,product-variant,8311
8445,iP12-GR-64-B -R,64 GB Green Muy bueno ,true,outofstock,no,,product-variant,8311
8446,iP12-GR-64-A -R,64 GB Green Como nuevo ,true,outofstock,no,,product-variant,8311
8447,iP12-GR-64-A+ -R,64 GB Green Premium ,true,outofstock,no,,product-variant,8311
8448,iP12-RD-64-C -R,64 GB Red Bueno ,true,outofstock,no,,product-variant,8311
8449,iP12-RD-64-B -R,64 GB Red Muy bueno ,true,outofstock,no,,product-variant,8311
8450,iP12-RD-64-A -R,64 GB Red Como nuevo ,true,outofstock,no,,product-variant,8311
8451,iP12-RD-64-A+ -R,64 GB Red Premium ,true,outofstock,no,,product-variant,8311
8452,iP12-WT-64-C -R,64 GB White Bueno ,true,outofstock,no,,product-variant,8311
8453,iP12-WT-64-B -R,64 GB White Muy bueno ,true,outofstock,no,,product-variant,8311
8454,iP12-WT-64-A -R,64 GB White Como nuevo ,true,outofstock,no,,product-variant,8311
8455,iP12-WT-64-A+ -R,64 GB White Premium ,true,outofstock,no,,product-variant,8311
8456,iP11-EC,iPhone 11,,instock,no,,variable,
8529,iP11-MV-128-C -R,128 GB Malva Bueno ,true,outofstock,no,,product-variant,8456
8530,iP11-MV-128-B -R,128 GB Malva Muy bueno ,true,outofstock,no,,product-variant,8456
8531,iP11-MV-128-A -R,128 GB Malva Como nuevo ,true,instock,no,1,product-variant,8456
8532,iP11-MV-128-A+ -R,128 GB Malva Premium ,true,outofstock,no,,product-variant,8456
8533,iP11-BK-128-C -R,128 GB Black Bueno ,true,onbackorder,yes,,product-variant,8456
8534,iP11-BK-128-B -R,128 GB Black Muy bueno ,true,onbackorder,yes,,product-variant,8456
8535,iP11-BK-128-A -R,128 GB Black Como nuevo ,true,onbackorder,yes,,product-variant,8456
8536,iP11-BK-128-A+ -R,128 GB Black Premium ,true,onbackorder,yes,,product-variant,8456
8537,iP11-GR-128-C -R,128 GB Green Bueno ,true,outofstock,no,,product-variant,8456
8538,iP11-GR-128-B -R,128 GB Green Muy bueno ,true,outofstock,no,,product-variant,8456
8539,iP11-GR-128-A -R,128 GB Green Como nuevo ,true,outofstock,no,,product-variant,8456
8540,iP11-GR-128-A+ -R,128 GB Green Premium ,true,outofstock,no,,product-variant,8456
8541,iP11-RD-128-C -R,128 GB Red Bueno ,true,outofstock,no,,product-variant,8456
8542,iP11-RD-128-B -R,128 GB Red Muy bueno ,true,outofstock,no,,product-variant,8456
8543,iP11-RD-128-A -R,128 GB Red Como nuevo ,true,outofstock,no,,product-variant,8456
8544,iP11-RD-128-A+ -R,128 GB Red Premium ,true,outofstock,no,,product-variant,8456
8545,iP11-WT-128-C -R,128 GB White Bueno ,true,outofstock,no,,product-variant,8456
8546,iP11-WT-128-B -R,128 GB White Muy bueno ,true,outofstock,no,,product-variant,8456
8547,iP11-WT-128-A -R,128 GB White Como nuevo ,true,onbackorder,yes,,product-variant,8456
8548,iP11-WT-128-A+ -R,128 GB White Premium ,true,outofstock,no,,product-variant,8456
8549,iP11-YW-128-C -R,128 GB Yellow Bueno ,true,outofstock,no,,product-variant,8456
8550,iP11-YW-128-B -R,128 GB Yellow Muy bueno ,true,outofstock,no,,product-variant,8456
8551,iP11-YW-128-A -R,128 GB Yellow Como nuevo ,true,instock,no,1,product-variant,8456
8552,iP11-YW-128-A+ -R,128 GB Yellow Premium ,true,outofstock,no,,product-variant,8456
8553,iP11-MV-256-C -R,256 GB Malva Bueno ,true,outofstock,no,,product-variant,8456
8554,iP11-MV-256-B -R,256 GB Malva Muy bueno ,true,outofstock,no,,product-variant,8456
8555,iP11-MV-256-A -R,256 GB Malva Como nuevo ,true,outofstock,no,,product-variant,8456
8556,iP11-MV-256-A+ -R,256 GB Malva Premium ,true,outofstock,no,,product-variant,8456
8557,iP11-BK-256-C -R,256 GB Black Bueno ,true,outofstock,no,,product-variant,8456
8558,iP11-BK-256-B -R,256 GB Black Muy bueno ,true,outofstock,no,,product-variant,8456
8559,iP11-BK-256-A -R,256 GB Black Como nuevo ,true,outofstock,no,,product-variant,8456
8560,iP11-BK-256-A+ -R,256 GB Black Premium ,true,outofstock,no,,product-variant,8456
8561,iP11-GR-256-C -R,256 GB Green Bueno ,true,outofstock,no,,product-variant,8456
8562,iP11-GR-256-B -R,256 GB Green Muy bueno ,true,outofstock,no,,product-variant,8456
8563,iP11-GR-256-A -R,256 GB Green Como nuevo ,true,outofstock,no,,product-variant,8456
8564,iP11-GR-256-A+ -R,256 GB Green Premium ,true,outofstock,no,,product-variant,8456
8565,iP11-RD-256-C -R,256 GB Red Bueno ,true,outofstock,no,,product-variant,8456
8566,iP11-RD-256-B -R,256 GB Red Muy bueno ,true,outofstock,no,,product-variant,8456
8567,iP11-RD-256-A -R,256 GB Red Como nuevo ,true,outofstock,no,,product-variant,8456
8568,iP11-RD-256-A+ -R,256 GB Red Premium ,true,outofstock,no,,product-variant,8456
8569,iP11-WT-256-C -R,256 GB White Bueno ,true,outofstock,no,,product-variant,8456
8570,iP11-WT-256-B -R,256 GB White Muy bueno ,true,outofstock,no,,product-variant,8456
8571,iP11-WT-256-A -R,256 GB White Como nuevo ,true,outofstock,no,,product-variant,8456
8572,iP11-WT-256-A+ -R,256 GB White Premium ,true,outofstock,no,,product-variant,8456
8573,iP11-YW-256-C -R,256 GB Yellow Bueno ,true,outofstock,no,,product-variant,8456
8574,iP11-YW-256-B -R,256 GB Yellow Muy bueno ,true,outofstock,no,,product-variant,8456
8575,iP11-YW-256-A -R,256 GB Yellow Como nuevo ,true,outofstock,no,,product-variant,8456
8576,iP11-YW-256-A+ -R,256 GB Yellow Premium ,true,outofstock,no,,product-variant,8456
8577,iP11-MV-64-C -R,64 GB Malva Bueno ,true,outofstock,no,,product-variant,8456
8578,iP11-MV-64-B -R,64 GB Malva Muy bueno ,true,outofstock,no,,product-variant,8456
8579,iP11-MV-64-A -R,64 GB Malva Como nuevo ,true,outofstock,no,,product-variant,8456
8580,iP11-MV-64-A+ -R,64 GB Malva Premium ,true,outofstock,no,,product-variant,8456
8581,iP11-BK-64-C -R,64 GB Black Bueno ,true,outofstock,no,,product-variant,8456
8582,iP11-BK-64-B -R,64 GB Black Muy bueno ,true,outofstock,no,,product-variant,8456
8583,iP11-BK-64-A -R,64 GB Black Como nuevo ,true,outofstock,no,,product-variant,8456
8584,iP11-BK-64-A+ -R,64 GB Black Premium ,true,outofstock,no,,product-variant,8456
8585,iP11-GR-64-C -R,64 GB Green Bueno ,true,outofstock,no,,product-variant,8456
8586,iP11-GR-64-B -R,64 GB Green Muy bueno ,true,outofstock,no,,product-variant,8456
8587,iP11-GR-64-A -R,64 GB Green Como nuevo ,true,outofstock,no,,product-variant,8456
8588,iP11-GR-64-A+ -R,64 GB Green Premium ,true,outofstock,no,,product-variant,8456
8589,iP11-RD-64-C -R,64 GB Red Bueno ,true,outofstock,no,,product-variant,8456
8590,iP11-iP11-RD-64-B -REC,64 GB Red Muy bueno ,true,outofstock,no,,product-variant,8456
8591,iP11-RD-64-A -R,64 GB Red Como nuevo ,true,outofstock,no,,product-variant,8456
8592,iP11-RD-64-A+ -R,64 GB Red Premium ,true,outofstock,no,,product-variant,8456
8593,iP11-WT-64-C -R,64 GB White Bueno ,true,outofstock,no,,product-variant,8456
8594,iP11-WT-64-B -R,64 GB White Muy bueno ,true,outofstock,no,,product-variant,8456
8595,iP11-WT-64-A -R,64 GB White Como nuevo ,true,outofstock,no,,product-variant,8456
8596,iP11-WT-64-A+ -R,64 GB White Premium ,true,outofstock,no,,product-variant,8456
8597,iP11-YW-64-C -R,64 GB Yellow Bueno ,true,outofstock,no,,product-variant,8456
8598,iP11-YW-64-B -R,64 GB Yellow Muy bueno ,true,outofstock,no,,product-variant,8456
8599,iP11-YW-64-A -R,64 GB Yellow Como nuevo ,true,outofstock,no,,product-variant,8456
8600,iP11-YW-64-A+ -R,64 GB Yellow Premium ,true,outofstock,no,,product-variant,8456
8601,iPX-EC,iPhone X,,onbackorder,no,,variable,
8674,iPX-SL-64-C -R,64 GB Silver Bueno ,true,outofstock,no,,product-variant,8601
8675,iPX-SL-64-B -R,64 GB Silver Muy bueno ,true,outofstock,no,,product-variant,8601
8676,iPX-SL-64-A -R,64 GB Silver Como nuevo ,true,outofstock,no,,product-variant,8601
8677,iPX-SL-64-A+ -R,64 GB Silver Premium ,true,outofstock,no,,product-variant,8601
8678,iPX-SG-64-C -R,64 GB Space gray Bueno ,true,outofstock,no,,product-variant,8601
8679,iPX-SG-64-B -R,64 GB Space gray Muy bueno ,true,onbackorder,yes,,product-variant,8601
8680,iPX-SG-64-A -R,64 GB Space gray Como nuevo ,true,onbackorder,yes,,product-variant,8601
8681,iPX-SG-64-A+ -R,64 GB Space gray Premium ,true,outofstock,no,,product-variant,8601
8682,iPX-SL-256-C -R,256 GB Silver Bueno ,true,outofstock,no,,product-variant,8601
8683,iPX-SL-256-B -R,256 GB Silver Muy bueno ,true,outofstock,no,,product-variant,8601
8684,iPX-SL-256-A -R,256 GB Silver Como nuevo ,true,outofstock,no,,product-variant,8601
8685,iPX-SL-256-A+ -R,256 GB Silver Premium ,true,outofstock,no,,product-variant,8601
8686,iPX-SG-256-C -R,256 GB Space gray Bueno ,true,outofstock,no,,product-variant,8601
8687,iPX-SG-256-B -R,256 GB Space gray Muy bueno ,true,outofstock,no,,product-variant,8601
8688,iPX-SG-256-A -R,256 GB Space gray Como nuevo ,true,outofstock,no,,product-variant,8601
8689,iPX-SG-256-A+ -R,256 GB Space gray Premium ,true,outofstock,no,,product-variant,8601
8690,iP8-EC,iPhone 8,,outofstock,no,,variable,
8743,iP8-EC,64 GB Gold Bueno ,true,outofstock,no,,product-variant,8690
8744,iP8-EC,64 GB Gold Muy bueno ,true,outofstock,no,,product-variant,8690
8745,iP8-EC,64 GB Gold Como nuevo ,true,outofstock,no,,product-variant,8690
8746,iP8-EC,64 GB Gold Premium ,true,outofstock,no,,product-variant,8690
8747,iP8-EC,64 GB Red Bueno ,true,outofstock,no,,product-variant,8690
8748,iP8-EC,64 GB Red Muy bueno ,true,outofstock,no,,product-variant,8690
8749,iP8-EC,64 GB Red Como nuevo ,true,outofstock,no,,product-variant,8690
8750,iP8-EC,64 GB Red Premium ,true,outofstock,no,,product-variant,8690
8751,iP8-EC,64 GB Silver Bueno ,true,outofstock,no,,product-variant,8690
8752,iP8-EC,64 GB Silver Muy bueno ,true,outofstock,no,,product-variant,8690
8753,iP8-EC,64 GB Silver Como nuevo ,true,outofstock,no,,product-variant,8690
8754,iP8-EC,64 GB Silver Premium ,true,outofstock,no,,product-variant,8690
8755,iP8-EC,64 GB Space gray Bueno ,true,outofstock,no,,product-variant,8690
8756,iP8-EC,64 GB Space gray Muy bueno ,true,outofstock,no,,product-variant,8690
8757,iP8-EC,64 GB Space gray Como nuevo ,true,outofstock,no,,product-variant,8690
8758,iP8-EC,64 GB Space gray Premium ,true,outofstock,no,,product-variant,8690
8759,iP8-EC,128 GB Gold Bueno ,true,outofstock,no,,product-variant,8690
8760,iP8-EC,128 GB Gold Muy bueno ,true,outofstock,no,,product-variant,8690
8761,iP8-EC,128 GB Gold Como nuevo ,true,outofstock,no,,product-variant,8690
8762,iP8-EC,128 GB Gold Premium ,true,outofstock,no,,product-variant,8690
8763,iP8-EC,128 GB Red Bueno ,true,outofstock,no,,product-variant,8690
8764,iP8-EC,128 GB Red Muy bueno ,true,outofstock,no,,product-variant,8690
8765,iP8-EC,128 GB Red Como nuevo ,true,outofstock,no,,product-variant,8690
8766,iP8-EC,128 GB Red Premium ,true,outofstock,no,,product-variant,8690
8767,iP8-EC,128 GB Silver Bueno ,true,outofstock,no,,product-variant,8690
8768,iP8-EC,128 GB Silver Muy bueno ,true,outofstock,no,,product-variant,8690
8769,iP8-EC,128 GB Silver Como nuevo ,true,outofstock,no,,product-variant,8690
8770,iP8-EC,128 GB Silver Premium ,true,outofstock,no,,product-variant,8690
8771,iP8-EC,128 GB Space gray Bueno ,true,outofstock,no,,product-variant,8690
8772,iP8-EC,128 GB Space gray Muy bueno ,true,outofstock,no,,product-variant,8690
8773,iP8-EC,128 GB Space gray Como nuevo ,true,outofstock,no,,product-variant,8690
8774,iP8-EC,128 GB Space gray Premium ,true,outofstock,no,,product-variant,8690
8775,iP8-EC,256 GB Gold Bueno ,true,outofstock,no,,product-variant,8690
8776,iP8-EC,256 GB Gold Muy bueno ,true,outofstock,no,,product-variant,8690
8777,iP8-EC,256 GB Gold Como nuevo ,true,outofstock,no,,product-variant,8690
8778,iP8-EC,256 GB Gold Premium ,true,outofstock,no,,product-variant,8690
8779,iP8-EC,256 GB Red Bueno ,true,outofstock,no,,product-variant,8690
8780,iP8-EC,256 GB Red Muy bueno ,true,outofstock,no,,product-variant,8690
8781,iP8-EC,256 GB Red Como nuevo ,true,outofstock,no,,product-variant,8690
8782,iP8-EC,256 GB Red Premium ,true,outofstock,no,,product-variant,8690
8783,iP8-EC,256 GB Silver Bueno ,true,outofstock,no,,product-variant,8690
8784,iP8-EC,256 GB Silver Muy bueno ,true,outofstock,no,,product-variant,8690
8785,iP8-EC,256 GB Silver Como nuevo ,true,outofstock,no,,product-variant,8690
8786,iP8-EC,256 GB Silver Premium ,true,outofstock,no,,product-variant,8690
8787,iP8-EC,256 GB Space gray Bueno ,true,outofstock,no,,product-variant,8690
8788,iP8-EC,256 GB Space gray Muy bueno ,true,outofstock,no,,product-variant,8690
8789,iP8-EC,256 GB Space gray Como nuevo ,true,outofstock,no,,product-variant,8690
8790,iP8-EC,256 GB Space gray Premium ,true,outofstock,no,,product-variant,8690
8791,iP11P-EC,iPhone 11 Pro,,outofstock,no,,variable,
8864,iP11PR-GD-64-C -R,64 GB Gold Bueno ,true,outofstock,no,,product-variant,8791
8865,iP11PR-GD-64-B -R,64 GB Gold Muy bueno ,true,outofstock,no,,product-variant,8791
8866,iP11PR-GD-64-A -R,64 GB Gold Como nuevo ,true,outofstock,no,,product-variant,8791
8867,iP11PR-GD-64-A+-R,64 GB Gold Premium ,true,outofstock,no,,product-variant,8791
8868,iP11PR-MDGR-64-C -R,64 GB Midnight Green Bueno ,true,outofstock,no,,product-variant,8791
8869,iP11PR-MDGR-64-B -R,64 GB Midnight Green Muy bueno ,true,outofstock,no,,product-variant,8791
8870,iP11PR-MDGR-64-A -R,64 GB Midnight Green Como nuevo ,true,outofstock,no,,product-variant,8791
8871,iP11PR-MDGR-64-A+-R,64 GB Midnight Green Premium ,true,outofstock,no,,product-variant,8791
8872,iP11PR-SL-64-C -R,64 GB Silver Bueno ,true,outofstock,no,,product-variant,8791
8873,iP11PR-SL-64-B -R,64 GB Silver Muy bueno ,true,outofstock,no,,product-variant,8791
8874,iP11PR-SL-64-A -R,64 GB Silver Como nuevo ,true,outofstock,no,,product-variant,8791
8875,iP11PR-SL-64-A+-R,64 GB Silver Premium ,true,outofstock,no,,product-variant,8791
8876,iP11PR-SG-64-C -R,64 GB Space gray Bueno ,true,outofstock,no,,product-variant,8791
8877,iP11PR-SG-64-B -R,64 GB Space gray Muy bueno ,true,outofstock,no,,product-variant,8791
8878,iP11PR-SG-64-A -R,64 GB Space gray Como nuevo ,true,outofstock,no,,product-variant,8791
8879,iP11PR-SG-64-A+-R,64 GB Space gray Premium ,true,outofstock,no,,product-variant,8791
8880,iP11PR-GD-256-C -R,256 GB Gold Bueno ,true,outofstock,no,,product-variant,8791
8881,iP11PR-GD-256-B -R,256 GB Gold Muy bueno ,true,outofstock,no,,product-variant,8791
8882,iP11PR-GD-256-A -R,256 GB Gold Como nuevo ,true,outofstock,no,,product-variant,8791
8883,iP11PR-GD-256-A+-R,256 GB Gold Premium ,true,outofstock,no,,product-variant,8791
8884,iP11PR-MDGR-256-C -R,256 GB Midnight Green Bueno ,true,outofstock,no,,product-variant,8791
8885,iP11PR-MDGR-256-B -R,256 GB Midnight Green Muy bueno ,true,outofstock,no,,product-variant,8791
8886,iP11PR-MDGR-256-A -R,256 GB Midnight Green Como nuevo ,true,outofstock,no,,product-variant,8791
8887,iP11PR-MDGR-256-A+-R,256 GB Midnight Green Premium ,true,outofstock,no,,product-variant,8791
8888,iP11PR-SL-256-C -R,256 GB Silver Bueno ,true,outofstock,no,,product-variant,8791
8889,iP11PR-SL-256-B -R,256 GB Silver Muy bueno ,true,outofstock,no,,product-variant,8791
8890,iP11PR-SL-256-A -R,256 GB Silver Como nuevo ,true,outofstock,no,,product-variant,8791
8891,iP11PR-SL-256-A+-R,256 GB Silver Premium ,true,outofstock,no,,product-variant,8791
8892,iP11PR-SG-256-C -R,256 GB Space gray Bueno ,true,outofstock,no,,product-variant,8791
8893,iP11PR-SG-256-B -R,256 GB Space gray Muy bueno ,true,outofstock,no,,product-variant,8791
8894,iP11PR-SG-256-A -R,256 GB Space gray Como nuevo ,true,outofstock,no,,product-variant,8791
8895,iP11PR-SG-256-A+-R,256 GB Space gray Premium ,true,outofstock,no,,product-variant,8791
8896,iP11PR-GD-512-C -R,512 GB Gold Bueno ,true,outofstock,no,,product-variant,8791
8897,iP11PR-GD-512-B -R,512 GB Gold Muy bueno ,true,outofstock,no,,product-variant,8791
8898,iP11PR-GD-512-A -R,512 GB Gold Como nuevo ,true,outofstock,no,,product-variant,8791
8899,iP11PR-GD-512-A+-R,512 GB Gold Premium ,true,outofstock,no,,product-variant,8791
8900,iP11PR-MDGR-512-C -R,512 GB Midnight Green Bueno ,true,outofstock,no,,product-variant,8791
8901,iP11PR-MDGR-512-B -R,512 GB Midnight Green Muy bueno ,true,outofstock,no,,product-variant,8791
8902,iP11PR-MDGR-512-A -R,512 GB Midnight Green Como nuevo ,true,outofstock,no,,product-variant,8791
8903,iP11PR-MDGR-512-A+-R,512 GB Midnight Green Premium ,true,outofstock,no,,product-variant,8791
8904,iP11PR-SL-512-C -R,512 GB Silver Bueno ,true,outofstock,no,,product-variant,8791
8905,iP11PR-SL-512-B -R,512 GB Silver Muy bueno ,true,outofstock,no,,product-variant,8791
8906,iP11PR-SL-512-A -R,512 GB Silver Como nuevo ,true,outofstock,no,,product-variant,8791
8907,iP11PR-SL-512-A+-R,512 GB Silver Premium ,true,outofstock,no,,product-variant,8791
8908,iP11PR-SG-512-C -R,512 GB Space gray Bueno ,true,outofstock,no,,product-variant,8791
8909,iP11PR-SG-512-B -R,512 GB Space gray Muy bueno ,true,outofstock,no,,product-variant,8791
8910,iP11PR-SG-512-A -R,512 GB Space gray Como nuevo ,true,outofstock,no,,product-variant,8791
8911,iP11PR-SG-512-A+-R,512 GB Space gray Premium ,true,outofstock,no,,product-variant,8791
